{"Bookings": [{"passId": 9, "passStart": 5777, "passEnd": 6101, "bookingStart": 5776.999999999997, "bookingEnd": 5806.999999999997}, {"passId": 10, "passStart": 6617, "passEnd": 6964, "bookingStart": 6617.0, "bookingEnd": 6647.0}, {"passId": 23, "passStart": 15174, "passEnd": 15412, "bookingStart": 15173.999999999995, "bookingEnd": 15203.999999999995}, {"passId": 48, "passStart": 31276, "passEnd": 31535, "bookingStart": 31275.99999999999, "bookingEnd": 31305.99999999999}]}