{"Bookings": [{"passId": 6, "passStart": 3748, "passEnd": 3945, "bookingStart": 3747.9999999999977, "bookingEnd": 3777.9999999999977}, {"passId": 23, "passStart": 15174, "passEnd": 15412, "bookingStart": 15173.99999999999, "bookingEnd": 15203.99999999999}, {"passId": 34, "passStart": 23170, "passEnd": 23507, "bookingStart": 23169.99999999999, "bookingEnd": 23199.99999999999}, {"passId": 67, "passStart": 42288, "passEnd": 42569, "bookingStart": 42287.99999999998, "bookingEnd": 42317.99999999998}]}